{
  "accuracy": [
    0.4886128306388855,
    0.5067287683486938,
    0.4968944191932678,
    0.4906832277774811,
    0.5041407942771912,
    0.5087991952896118,
    0.48498964309692383,
    0.49534162878990173,
    0.49327123165130615,
    0.4865424335002899,
    0.5134575366973877
  ],
  "loss": [
    1.1003615856170654,
    0.7822937369346619,
    0.7512016296386719,
    0.712730348110199,
    0.6994224786758423,
    0.7003281712532043,
    0.6981499791145325,
    0.6952812671661377,
    0.695945680141449,
    0.6957683563232422,
    0.6933445930480957
  ],
  "val_accuracy": [
    0.5,
    0.5,
    0.5,
    0.5,
    0.5,
    0.5,
    0.5,
    0.5,
    0.5,
    0.5,
    0.5
  ],
  "val_loss": [
    0.6972308158874512,
    0.7011767029762268,
    0.7014687061309814,
    0.6955174803733826,
    0.6935511827468872,
    0.6939409375190735,
    0.6932141780853271,
    0.6931003332138062,
    0.6931347846984863,
    0.6931146383285522,
    0.6931191682815552
  ]
}