{
  "variant_name": "lightweight_sigmoid",
  "filters": [
    16,
    32,
    64
  ],
  "hidden_activation": "sigmoid",
  "parameter_count": 877859,
  "epochs_ran": 6,
  "training_seconds": 15.478406999987783,
  "evaluation_seconds": 0.6405108000035398,
  "keras_test_loss": 1.0840976238250732,
  "keras_test_accuracy": 0.40223464369773865,
  "best_val_accuracy": 0.40223464369773865,
  "best_val_loss": 1.0840976238250732
}