{
  "accuracy": 0.4022346368715084,
  "error_rate": 0.5977653631284916,
  "balanced_accuracy": 0.3333333333333333,
  "macro_precision": 0.1340782122905028,
  "macro_recall": 0.3333333333333333,
  "macro_f1": 0.1912350597609562,
  "weighted_f1": 0.23076409446014826,
  "log_loss": 1.0840975046157837,
  "confusion_matrix": [
    [
      0,
      242,
      0
    ],
    [
      0,
      288,
      0
    ],
    [
      0,
      186,
      0
    ]
  ],
  "per_class": [
    {
      "class_name": "up",
      "precision": 0.0,
      "recall": 0.0,
      "f1_score": 0.0,
      "support": 242,
      "error_rate": 1.0
    },
    {
      "class_name": "down",
      "precision": 0.4022346368715084,
      "recall": 1.0,
      "f1_score": 0.5737051792828686,
      "support": 288,
      "error_rate": 0.0
    },
    {
      "class_name": "right",
      "precision": 0.0,
      "recall": 0.0,
      "f1_score": 0.0,
      "support": 186,
      "error_rate": 1.0
    }
  ]
}