{
  "accuracy": 0.5,
  "error_rate": 0.5,
  "precision_down": 0.5,
  "recall_down": 1.0,
  "f1_down": 0.6666666666666666,
  "log_loss": 0.6931003332138062,
  "confusion_matrix": [
    [
      0,
      242
    ],
    [
      0,
      242
    ]
  ],
  "predicted_down_rate": 1.0
}