{
  "accuracy": 0.8198324022346368,
  "error_rate": 0.18016759776536317,
  "balanced_accuracy": 0.8026183758405167,
  "macro_precision": 0.8048218389082867,
  "macro_recall": 0.8026183758405167,
  "macro_f1": 0.8024665732244879,
  "weighted_f1": 0.8192530737175994,
  "log_loss": 0.41810154914855957,
  "confusion_matrix": [
    [
      211,
      2,
      29
    ],
    [
      10,
      255,
      23
    ],
    [
      48,
      17,
      121
    ]
  ],
  "per_class": [
    {
      "class_name": "up",
      "precision": 0.7843866171003717,
      "recall": 0.871900826446281,
      "f1_score": 0.8258317025440313,
      "support": 242,
      "error_rate": 0.12809917355371903
    },
    {
      "class_name": "down",
      "precision": 0.9306569343065694,
      "recall": 0.8854166666666666,
      "f1_score": 0.907473309608541,
      "support": 288,
      "error_rate": 0.11458333333333337
    },
    {
      "class_name": "right",
      "precision": 0.6994219653179191,
      "recall": 0.6505376344086021,
      "f1_score": 0.6740947075208914,
      "support": 186,
      "error_rate": 0.34946236559139787
    }
  ]
}