{
  "accuracy": [
    0.6856842637062073,
    0.7745887041091919,
    0.7917395830154419,
    0.8113405704498291,
    0.8200910091400146,
    0.8232411742210388,
    0.8253412842750549,
    0.8284914493560791,
    0.8379418849945068,
    0.8466923236846924,
    0.8407420516014099
  ],
  "loss": [
    0.7190325856208801,
    0.5330716371536255,
    0.49243876338005066,
    0.45792675018310547,
    0.4330568313598633,
    0.42527878284454346,
    0.4190210998058319,
    0.40437838435173035,
    0.3893429934978485,
    0.37020400166511536,
    0.3725549280643463
  ],
  "val_accuracy": [
    0.7583798766136169,
    0.7779329419136047,
    0.8016759753227234,
    0.8030726313591003,
    0.8240223526954651,
    0.8100558519363403,
    0.8240223526954651,
    0.8198323845863342,
    0.8170391321182251,
    0.8198323845863342,
    0.8100558519363403
  ],
  "val_loss": [
    0.5450728535652161,
    0.48880329728126526,
    0.4627053439617157,
    0.4466574490070343,
    0.4322774410247803,
    0.43488097190856934,
    0.4227678179740906,
    0.41810154914855957,
    0.42597442865371704,
    0.4237816631793976,
    0.41931161284446716
  ]
}