{
  "accuracy": 0.8268156424581006,
  "error_rate": 0.17318435754189943,
  "balanced_accuracy": 0.8076013063183152,
  "macro_precision": 0.8139651372470448,
  "macro_recall": 0.8076013063183152,
  "macro_f1": 0.8080611849679927,
  "weighted_f1": 0.8249316638803483,
  "log_loss": 0.41210511326789856,
  "confusion_matrix": [
    [
      216,
      1,
      25
    ],
    [
      12,
      258,
      18
    ],
    [
      51,
      17,
      118
    ]
  ],
  "per_class": [
    {
      "class_name": "up",
      "precision": 0.7741935483870968,
      "recall": 0.8925619834710744,
      "f1_score": 0.8291746641074856,
      "support": 242,
      "error_rate": 0.1074380165289256
    },
    {
      "class_name": "down",
      "precision": 0.9347826086956522,
      "recall": 0.8958333333333334,
      "f1_score": 0.9148936170212766,
      "support": 288,
      "error_rate": 0.10416666666666663
    },
    {
      "class_name": "right",
      "precision": 0.7329192546583851,
      "recall": 0.6344086021505376,
      "f1_score": 0.6801152737752161,
      "support": 186,
      "error_rate": 0.3655913978494624
    }
  ]
}