{
  "variant_name": "lightweight_relu",
  "filters": [
    16,
    32,
    64
  ],
  "hidden_activation": "relu",
  "parameter_count": 877859,
  "epochs_ran": 15,
  "training_seconds": 33.436841599992476,
  "evaluation_seconds": 0.6670350000204053,
  "keras_test_loss": 0.41210511326789856,
  "keras_test_accuracy": 0.826815664768219,
  "best_val_accuracy": 0.8282122611999512,
  "best_val_loss": 0.41210511326789856
}