{
  "accuracy": [
    0.6706335544586182,
    0.7427371144294739,
    0.7598879933357239,
    0.7857893109321594,
    0.7913895845413208,
    0.8039901852607727,
    0.8106405138969421,
    0.8169408440589905,
    0.822891116142273,
    0.8340917229652405,
    0.8330416679382324,
    0.8361918330192566,
    0.8396919965744019,
    0.8452922701835632,
    0.8477423787117004
  ],
  "loss": [
    0.7381086945533752,
    0.5796911120414734,
    0.5512201189994812,
    0.5160750150680542,
    0.4971875250339508,
    0.46604201197624207,
    0.4479265511035919,
    0.43916624784469604,
    0.420714408159256,
    0.414884090423584,
    0.4071040749549866,
    0.40252071619033813,
    0.39124932885169983,
    0.38152095675468445,
    0.3733431398868561
  ],
  "val_accuracy": [
    0.75,
    0.7639665007591248,
    0.7681564092636108,
    0.7849162220954895,
    0.8016759753227234,
    0.8086591958999634,
    0.8128491640090942,
    0.8170391321182251,
    0.8142458200454712,
    0.8156424760818481,
    0.8212290406227112,
    0.8226256966590881,
    0.8282122611999512,
    0.826815664768219,
    0.8156424760818481
  ],
  "val_loss": [
    0.5518201589584351,
    0.5308310389518738,
    0.5124168395996094,
    0.4991588890552521,
    0.4663594365119934,
    0.45362764596939087,
    0.4532797336578369,
    0.43463408946990967,
    0.4385982155799866,
    0.4351249039173126,
    0.42325273156166077,
    0.4202858805656433,
    0.42106372117996216,
    0.41210511326789856,
    0.4251145124435425
  ]
}