{
  "accuracy": [
    0.3699685037136078,
    0.35106754302978516,
    0.3717185854911804,
    0.3717185854911804,
    0.3843192160129547,
    0.38816940784454346
  ],
  "loss": [
    1.3070158958435059,
    1.2047752141952515,
    1.130277395248413,
    1.0914463996887207,
    1.089695692062378,
    1.0872951745986938
  ],
  "val_accuracy": [
    0.33798882365226746,
    0.40223464369773865,
    0.40223464369773865,
    0.40223464369773865,
    0.40223464369773865,
    0.40223464369773865
  ],
  "val_loss": [
    1.089156150817871,
    1.0843064785003662,
    1.0840976238250732,
    1.0877686738967896,
    1.084504246711731,
    1.0887343883514404
  ]
}