{
  "accuracy": 0.8226256983240223,
  "error_rate": 0.17737430167597767,
  "balanced_accuracy": 0.803858477245574,
  "macro_precision": 0.8067429784759207,
  "macro_recall": 0.803858477245574,
  "macro_f1": 0.8042900064654352,
  "weighted_f1": 0.8210524742772491,
  "log_loss": 0.44037362933158875,
  "confusion_matrix": [
    [
      209,
      4,
      29
    ],
    [
      8,
      260,
      20
    ],
    [
      46,
      20,
      120
    ]
  ],
  "per_class": [
    {
      "class_name": "up",
      "precision": 0.7946768060836502,
      "recall": 0.8636363636363636,
      "f1_score": 0.8277227722772278,
      "support": 242,
      "error_rate": 0.13636363636363635
    },
    {
      "class_name": "down",
      "precision": 0.9154929577464789,
      "recall": 0.9027777777777778,
      "f1_score": 0.9090909090909091,
      "support": 288,
      "error_rate": 0.09722222222222221
    },
    {
      "class_name": "right",
      "precision": 0.7100591715976331,
      "recall": 0.6451612903225806,
      "f1_score": 0.676056338028169,
      "support": 186,
      "error_rate": 0.3548387096774194
    }
  ]
}