{
  "accuracy": [
    0.7851966619491577,
    0.9363353848457336,
    0.9482401609420776,
    0.9409937858581543,
    0.9482401609420776,
    0.9518633484840393,
    0.9513457417488098,
    0.955486536026001,
    0.9503105878829956,
    0.9570393562316895,
    0.9585921168327332,
    0.9596273303031921,
    0.9591097235679626,
    0.9580745100975037,
    0.9601449370384216
  ],
  "loss": [
    0.4757143557071686,
    0.18103346228599548,
    0.15814687311649323,
    0.15768243372440338,
    0.14345857501029968,
    0.1367410570383072,
    0.1332503855228424,
    0.12603041529655457,
    0.12751364707946777,
    0.12084176391363144,
    0.1145857572555542,
    0.1163146048784256,
    0.11407662183046341,
    0.11078734695911407,
    0.11115098744630814
  ],
  "val_accuracy": [
    0.9462810158729553,
    0.9462810158729553,
    0.96074378490448,
    0.9586777091026306,
    0.9566115736961365,
    0.9566115736961365,
    0.9648760557174683,
    0.9628099203109741,
    0.9628099203109741,
    0.9628099203109741,
    0.96074378490448,
    0.9628099203109741,
    0.9628099203109741,
    0.9648760557174683,
    0.9628099203109741
  ],
  "val_loss": [
    0.1505482792854309,
    0.1255275309085846,
    0.12249843776226044,
    0.11911146342754364,
    0.10807627439498901,
    0.1101195439696312,
    0.10886909812688828,
    0.10190379619598389,
    0.09725651890039444,
    0.09515069425106049,
    0.09208552539348602,
    0.09190027415752411,
    0.09184852242469788,
    0.09138614684343338,
    0.08797767758369446
  ]
}