{
  "accuracy": 0.7737430167597765,
  "error_rate": 0.22625698324022347,
  "balanced_accuracy": 0.7535755897192847,
  "macro_precision": 0.7558590314990048,
  "macro_recall": 0.7535755897192847,
  "macro_f1": 0.7538721898043114,
  "weighted_f1": 0.7734648242990867,
  "log_loss": 0.5443564653396606,
  "confusion_matrix": [
    [
      179,
      9,
      54
    ],
    [
      4,
      260,
      24
    ],
    [
      37,
      34,
      115
    ]
  ],
  "per_class": [
    {
      "class_name": "up",
      "precision": 0.8136363636363636,
      "recall": 0.7396694214876033,
      "f1_score": 0.7748917748917747,
      "support": 242,
      "error_rate": 0.2603305785123967
    },
    {
      "class_name": "down",
      "precision": 0.858085808580858,
      "recall": 0.9027777777777778,
      "f1_score": 0.8798646362098138,
      "support": 288,
      "error_rate": 0.09722222222222221
    },
    {
      "class_name": "right",
      "precision": 0.5958549222797928,
      "recall": 0.6182795698924731,
      "f1_score": 0.6068601583113457,
      "support": 186,
      "error_rate": 0.3817204301075269
    }
  ]
}