{
  "accuracy": 0.9628099173553719,
  "error_rate": 0.037190082644628086,
  "precision_down": 0.9827586206896551,
  "recall_down": 0.9421487603305785,
  "f1_down": 0.9620253164556961,
  "log_loss": 0.08797772973775864,
  "confusion_matrix": [
    [
      238,
      4
    ],
    [
      14,
      228
    ]
  ],
  "predicted_down_rate": 0.4793388429752066
}