{
  "accuracy": 0.3333333333333333,
  "error_rate": 0.6666666666666667,
  "balanced_accuracy": 0.3333333333333333,
  "macro_precision": 0.1111111111111111,
  "macro_recall": 0.3333333333333333,
  "macro_f1": 0.16666666666666666,
  "weighted_f1": 0.16666666666666666,
  "log_loss": 1.0986346006393433,
  "confusion_matrix": [
    [
      0,
      186,
      0
    ],
    [
      0,
      186,
      0
    ],
    [
      0,
      186,
      0
    ]
  ],
  "per_class": [
    {
      "class_name": "up",
      "precision": 0.0,
      "recall": 0.0,
      "f1_score": 0.0,
      "support": 186,
      "error_rate": 1.0
    },
    {
      "class_name": "down",
      "precision": 0.3333333333333333,
      "recall": 1.0,
      "f1_score": 0.5,
      "support": 186,
      "error_rate": 0.0
    },
    {
      "class_name": "right",
      "precision": 0.0,
      "recall": 0.0,
      "f1_score": 0.0,
      "support": 186,
      "error_rate": 1.0
    }
  ]
}